{
	"dataSel_digit_0":  { "File": "dataSel_lifeContinue.png", "Rect": "0,48,8,16", "Center": "0,0" },
	"dataSel_digit_1":  { "File": "dataSel_lifeContinue.png", "Rect": "8,48,8,16", "Center": "0,0" },
	"dataSel_digit_2":  { "File": "dataSel_lifeContinue.png", "Rect": "16,48,8,16", "Center": "0,0" },
	"dataSel_digit_3":  { "File": "dataSel_lifeContinue.png", "Rect": "24,48,8,16", "Center": "0,0" },
	"dataSel_digit_4":  { "File": "dataSel_lifeContinue.png", "Rect": "32,48,8,16", "Center": "0,0" },
	"dataSel_digit_5":  { "File": "dataSel_lifeContinue.png", "Rect": "40,48,8,16", "Center": "0,0" },
	"dataSel_digit_6":  { "File": "dataSel_lifeContinue.png", "Rect": "48,48,8,16", "Center": "0,0" },
	"dataSel_digit_7":  { "File": "dataSel_lifeContinue.png", "Rect": "56,48,8,16", "Center": "0,0" },
	"dataSel_digit_8":  { "File": "dataSel_lifeContinue.png", "Rect": "64,48,8,16", "Center": "0,0" },
	"dataSel_digit_9":  { "File": "dataSel_lifeContinue.png", "Rect": "72,48,8,16", "Center": "0,0" },
	"menu_characters_knuckles":  { "File": "menu_characters_knuckles.png", "Rect": "0,0,25,42", "Center": "16,20" },
	"charselect_knuckles":  { "File": "dataSel_character_knuckles1.bmp", "Rect": "0,0,56,53", "Center": "24,28" },
	"dataSel_character_knuckles":  { "File": "dataSel_character_knuckles1.bmp", "Rect": "0,0,56,52", "Center": "18,28" },
	"dataSel_lifeContinue_knuckles":  { "File": "dataSel_lifeContinue.png", "Rect": "2,4,24,40", "Center": "16,-8" },
	"hud_bonus_icon_red":   { "File": "hud_text_sprites.png", "Rect":  "0,61,12,19" }
}