{
    "Metadata":
    {
        "Name": "Eyean",
        "Author": "rosie_eclairs,",
        "Description": "sphereical",
		"UniqueID": "3y3an",		
    },
    
    "Settings":
    {
        "Palette Options":
        [
            {
                "InternalName": "Eyean.Palette",
                "DisplayName": "Palette",
                "Variable": "Eyean.Palette",
                "DefaultValue": "0",
                "Options":
                {
                    "0x00": "Eyean",
                    "0x01": "Sonic 3 Esque",
                    "0x02": "Sonic 1 Esque",
                }
            }
        ],
    }
}